recorded_at,market_id,question,entry_p,current_p,marked_at,end_date,category,strategy,status,outcome,pnl
2026-07-25,665374,Will the U.S. invade Iran before 2027?,0.27,0.1550,2026-09-03,2026-12-31,geopolitics,POL_CHEAP_YES,pending,,
2026-07-25,559652,Will Gavin Newsom win the 2028 Democratic presidential nomin,0.198,0.1415,2026-09-03,2028-11-07,politics,POL_CHEAP_YES,pending,,
2026-07-25,561230,Will Gavin Newsom win the 2028 US Presidential Election?,0.126,0.0855,2026-09-03,2028-11-07,politics,POL_CHEAP_YES,pending,,
2026-07-25,561229,Will JD Vance win the 2028 US Presidential Election?,0.202,0.2535,2026-09-03,2028-11-07,politics,POL_CHEAP_YES,pending,,
2026-07-25,559653,Will Alexandria Ocasio-Cortez win the 2028 Democratic presid,0.145,0.1995,2026-09-03,2028-11-07,other,POL_CHEAP_YES,pending,,
2026-07-25,559661,Will Jon Ossoff win the 2028 Democratic presidential nominat,0.158,0.1585,2026-09-03,2028-11-07,politics,POL_CHEAP_YES,pending,,
2026-07-25,561234,Will Marco Rubio win the 2028 US Presidential Election?,0.125,0.1025,2026-09-03,2028-11-07,politics,POL_CHEAP_YES,pending,,
2026-07-25,561975,Will Marco Rubio win the 2028 Republican presidential nomina,0.27,0.1745,2026-09-03,2028-11-07,politics,POL_CHEAP_YES,pending,,
2026-07-25,601825,Will Renan Santos win the 2026 Brazilian presidential electi,0.105,0.0155,2026-09-03,2026-10-04,politics,POL_CHEAP_YES,pending,,
2026-07-25,601826,Will Flavio Bolsonaro win the 2026 Brazilian presidential el,0.228,0.4325,2026-09-03,2026-10-04,politics,POL_CHEAP_YES,pending,,
2026-07-25,562803,Will the Republican Party control the House after the 2026,0.15,0.1150,2026-09-03,2026-11-03,politics,POL_CHEAP_YES,pending,,
2026-07-25,562804,(scan15),0.35,0.35,2026-07-25,2026-11-03,other,POL_CHEAP_YES,pending,,
2026-07-25,562805,(scan16),0.2,0.2,2026-07-25,2026-11-03,other,POL_CHEAP_YES,pending,,
2026-07-25,601827,(scan17),0.3,0.0020,2026-09-03,2026-10-04,other,POL_CHEAP_YES,pending,,
2026-07-25,601828,(scan18),0.12,0.0000,2026-08-29,2026-10-04,other,POL_CHEAP_YES,settled,NO,-0.1200
2026-07-25,2555351,Israel closes its airspace by July 31?,0.13,0.0000,2026-07-25,2026-07-31,geopolitics,POL_CHEAP_YES,settled,NO,-1
2026-07-25,2374271,Will Ukraine recapture Crimean territory by December 31 202,0.1,0.0550,2026-09-03,2026-12-31,geopolitics,POL_CHEAP_YES,pending,,
2026-07-25,789953,Will AfD win the most seats in the 2026 Berlin state electio,0.213,0.0955,2026-09-03,2026-09-20,other,POL_CHEAP_YES,pending,,
2026-07-25,1633611,Will China invade Taiwan by December 31 2027?,0.11,0.1150,2026-09-03,2027-12-31,geopolitics,POL_CHEAP_YES,pending,,
2026-07-25,2243897,Russia x Ukraine ceasefire agreement by December 31 2026?,0.35,0.1750,2026-09-03,2026-12-31,geopolitics,POL_CHEAP_YES,pending,,
2026-07-25,562831,2026 Balance of Power: R Senate R House,0.14,0.1050,2026-09-03,2026-11-03,politics,POL_CHEAP_YES,pending,,
2026-07-25,1731346,Iran agrees to surrender enriched uranium stockpile by Decem,0.13,0.0650,2026-09-03,2026-12-31,geopolitics,POL_CHEAP_YES,pending,,
2026-07-25,2006983,US obtains Iranian enriched uranium by December 31?,0.14,0.0450,2026-09-03,2026-12-31,geopolitics,POL_CHEAP_YES,pending,,
2026-07-25,1130016,Will New People (NL) gain the most seats in the next Russian,0.33,0.2395,2026-09-03,2026-09-30,other,POL_CHEAP_YES,pending,,
2026-07-25,2686770,Iran full airspace closure by July 31?,0.16,0.0000,2026-07-25,2026-07-31,geopolitics,POL_CHEAP_YES,settled,NO,-1
2026-07-25,679018,Will Marine Le Pen win the 2027 French presidential election,0.309,0.3550,2026-09-03,2027-04-30,politics,POL_CHEAP_YES,pending,,
2026-07-25,1796138,Iran agrees to end enrichment of uranium,0.23,0.1300,2026-09-03,2026-12-31,geopolitics,POL_CHEAP_YES,pending,,
2026-07-25,679021,Will Edouard Philippe win the 2027 French presidential elect,0.27,0.2750,2026-09-03,2027-04-30,politics,POL_CHEAP_YES,pending,,
2026-07-25,679030,Will Jean-Luc Melenchon win the 2027 French presidential ele,0.13,0.1350,2026-09-03,2027-04-30,politics,POL_CHEAP_YES,pending,,
2026-07-25,2937524,US x Iran Effective Ceasefire by July 24?,0.16,0.0000,2026-07-25,2026-07-24,geopolitics,POL_CHEAP_YES,settled,NO,-1
2026-07-25,1365860,Will Renan Santos finish in second place in the first round,0.125,0.0165,2026-09-03,2026-10-04,other,POL_CHEAP_YES,pending,,
2026-08-19,561231,Will Alexandria Ocasio-Cortez win the 2028 US Presidential E,0.13,0.1265,2026-09-03,2028-11-07,politics,POL_CHEAP_YES,pending,,
2026-08-19,1535973,Iran leadership change by December 31?,0.15,0.1550,2026-09-03,2026-12-31,geopolitics,POL_CHEAP_YES,pending,,
2026-08-19,648383,Billionaire one-time wealth tax passes in California electio,0.28,0.2750,2026-09-03,2026-11-03,other,POL_CHEAP_YES,pending,,
2026-08-19,682705,Will Benjamin Netanyahu be the next Prime Minister of Israel,0.27,0.2900,2026-09-03,2026-12-31,geopolitics,POL_CHEAP_YES,pending,,
2026-08-19,665224,Ukraine signs peace deal with Russia before 2027?,0.13,0.1250,2026-09-03,2026-12-31,geopolitics,POL_CHEAP_YES,pending,,
2026-08-19,1323083,Will Hezbollah disarm by December 31?,0.11,0.0850,2026-09-03,2026-12-31,geopolitics,POL_CHEAP_YES,pending,,
2026-08-19,637910,Mitch McConnell steps down from Senate before his term ends?,0.17,0.1250,2026-09-03,2027-01-03,politics,POL_CHEAP_YES,pending,,
2026-08-19,1090496,NATO x Russia military clash by December 31 2026?,0.23,0.2500,2026-09-03,2026-12-31,geopolitics,POL_CHEAP_YES,pending,,
2026-08-19,2686766,Iran charges Hormuz fees by August 31?,0.11,0.0000,2026-09-01,2026-08-31,geopolitics,POL_CHEAP_YES,settled,NO,-0.1100
2026-08-19,3128887,US announces end of Iranian blockade by September 30 2026?,0.32,0.1750,2026-09-03,2026-09-30,geopolitics,POL_CHEAP_YES,pending,,
2026-08-19,677273,Israel and Syria normalize relations by December 31 2026?,0.10,0.0800,2026-09-03,2026-12-31,geopolitics,POL_CHEAP_YES,pending,,
2026-08-19,943824,Will the Republican Party hold exactly 52 Senate seats after,0.11,0.0825,2026-09-03,2026-11-03,politics,POL_CHEAP_YES,pending,,
2026-08-19,678748,Will Israel strike 5 countries in 2026?,0.189,0.0480,2026-09-03,2026-12-31,geopolitics,POL_CHEAP_YES,pending,,
2026-08-19,677315,Israel and Indonesia normalize relations by December 31 2026,0.10,0.0650,2026-09-03,2026-12-31,geopolitics,POL_CHEAP_YES,pending,,
2026-08-20,2176270,Strait of Hormuz traffic returns to normal by December 31?,0.35,0.2750,2026-09-03,2026-12-31,geopolitics,POL_CHEAP_YES,pending,,
2026-08-20,1107582,US strike on Cuba by December 31?,0.16,0.1450,2026-09-03,2026-12-31,other,POL_CHEAP_YES,pending,,
2026-08-20,1105742,Will Delcy Rodriguez be the leader of Venezuela end of 2026?,0.10,0.1200,2026-09-03,2026-12-31,other,POL_CHEAP_YES,pending,,
2026-08-20,2747434,Will Hamas agree to disarm by December 31?,0.26,0.2250,2026-09-03,2026-12-31,geopolitics,POL_CHEAP_YES,pending,,
2026-08-20,1107307,US strike on Colombia by December 31?,0.29,0.2500,2026-09-03,2026-12-31,other,POL_CHEAP_YES,pending,,
2026-08-20,1107381,US strike on Mexico by December 31?,0.10,0.0950,2026-09-03,2026-12-31,other,POL_CHEAP_YES,pending,,
2026-08-20,0x9cb23d04b2ded06147482076688b69b487a8d982c63ebdda2ab3678cf27cf390,Clarity Act (H.R.3633) signed into law in 2026?,0.2350,0.1550,2026-09-03,2027-01-01,politics,cheap_political_yes,pending,,
2026-08-20,0x5db999fad322cea2914535aae5517060c3f80ad6d8c0231cde2124a434d16846,Will the U.S. invade Iran before 2027?,0.1650,0.1550,2026-09-03,2026-12-31,geopolitics,cheap_political_yes,pending,,
2026-08-20,0x30174f3f46398e37c96a07b45916e01eab9a8a854ecb624ac73a91a8490fd074,"US announces end of Iranian blockade by September 30, 2026?",0.2950,0.1750,2026-09-03,2026-09-30,geopolitics,cheap_political_yes,pending,,
2026-08-20,0x5c79dfde05559b79a9cb9f7c4187e4d49632dd042572ae676952f812732591cc,Strait of Hormuz traffic returns to normal by December 31?,0.3450,0.2750,2026-09-03,2026-12-31,geopolitics,cheap_political_yes,pending,,
2026-08-20,0x70831611831c0792bfb971d613ec2db2e06d59a234967b45f8302b3671b515cd,Will Ralph Norman be the new Republican nominee for Senate in South Carolina?,0.2200,0.0000,2026-08-26,2026-08-11,politics,cheap_political_yes,settled,NO,-0.2200
2026-08-20,0xf2bf04609e7458df56c9bb4b1e051286dea11da1c944bbc1dafbcc6b76904e52,"NATO x Russia military clash by December 31, 2026?",0.2650,0.2500,2026-09-03,2026-12-31,geopolitics,cheap_political_yes,pending,,
2026-08-20,0xe6bcc2f1dd025ce5e1833190f7c60a71171c94f805df55b9ab0ded695ec93565,Will Alexandria Ocasio-Cortez win the 2028 Democratic presidential nomination?,0.1675,0.1995,2026-09-03,2028-11-07,politics,cheap_political_yes,pending,,
2026-08-20,0x84c625fdccf5c5246a15e476361e4563033906ee225800e1136c0d737596a72f,"Russia x Ukraine ceasefire by December 31, 2026?",0.1750,0.1450,2026-09-03,2026-12-31,geopolitics,cheap_political_yes,pending,,
2026-08-20,0x0f49db97f71c68b1e42a6d16e3de93d85dbf7d4148e3f018eb79e88554be9f75,Will Gavin Newsom win the 2028 Democratic presidential nomination?,0.1525,0.1415,2026-09-03,2028-11-07,politics,cheap_political_yes,pending,,
2026-08-20,0x4e4f77e7dbf4cab666e9a1943674d7ae66348e862df03ea6f44b11eb95731928,Will the Republican Party control the House after the 2026 Midterm elections?,0.1250,0.1150,2026-09-03,2026-11-03,politics,cheap_political_yes,pending,,
2026-08-20,0x1a01bf78f56a507fcb666d564d8c8b91b0750679163ed6e96746102c9b7d285d,Will Flávio Bolsonaro win the 2026 Brazilian presidential election?,0.3275,0.4325,2026-09-03,2026-10-04,politics,cheap_political_yes,pending,,
2026-08-20,0xe6d5e5da83874cd82c9b651a8a5d4fc541a800a295fb62e85124b4f5a04a4b7d,"Will China invade Taiwan by December 31, 2027?",0.1250,0.1150,2026-09-03,2027-12-31,geopolitics,cheap_political_yes,pending,,
2026-08-20,0xf232b565995e4b3a3e7fa6cef775eeff1cecd20ad7c013cb9fc8dadabfe279a9,Will Alexandria Ocasio-Cortez win the 2028 US Presidential Election?,0.1265,0.1265,2026-09-03,2028-11-07,politics,cheap_political_yes,pending,,
2026-08-20,0x1c38a64c494e01c9bd81362cfadeadb3b87023d1d9ffae1df5a428c03152fc74,Iran-Oman Hormuz Agreement by August 31?,0.1550,0.0000,2026-09-01,2026-08-31,geopolitics,cheap_political_yes,settled,NO,-0.1550
2026-08-20,0x2a4fcda5c1598fc8621cf96cabc410f9f23a2d0336c3bff5070a37a663d39e94,"NATO x Russia military clash by October 31, 2026?",0.1900,0.1150,2026-09-03,2026-10-31,geopolitics,cheap_political_yes,pending,,
2026-08-20,0xc9615bb82d6535d630ff98e8094060bc767d8b9446516e98f84d2001a35e50e7,Will New People (NL) gain the most seats in the next Russian parliamentary election?,0.2225,0.2395,2026-09-03,2026-09-30,politics,cheap_political_yes,pending,,
2026-08-20,0x7586a96520578acaaaa4ea84a2582f197f84255da1f3392a7aa300386c187b37,Will Benjamin Netanyahu be the next Prime Minister of Israel?,0.2700,0.2900,2026-09-03,2026-12-31,geopolitics,cheap_political_yes,pending,,
2026-08-20,0x15d2e66dcf1d63c5695d6d0e9e2f8e06dd246d00fd5dfc254f2b22baa33bfa1b,Mitch McConnell steps down from Senate before his term ends?,0.1700,0.1250,2026-09-03,2027-01-03,politics,cheap_political_yes,pending,,
2026-08-20,0xed5a9e7831ee363d92cb102f2c21e2465b09196ef5beb7c8e23671851a1c3ca4,"US x Iran diplomatic meeting by September 30, 2026?",0.2300,0.0850,2026-09-03,2026-09-30,geopolitics,cheap_political_yes,pending,,
2026-08-20,0x377e7fe65cf198a7fc4fdae3f2136b74729279267858daaf96718b23bc2a5607,Iran leadership change by December 31?,0.1550,0.1550,2026-09-03,2026-12-31,geopolitics,cheap_political_yes,pending,,
2026-08-20,0x3de0f3d7d7efb40cde68e814d40a0b232832083653c8e78260eb999baa967de0,US strike on Cuba by December 31?,0.1700,0.1450,2026-09-03,2026-12-31,geopolitics,cheap_political_yes,pending,,
2026-08-20,0x5187c6fefe08cf4513e08dd31a514b698aaebc18c259b9a98c8170cca2b7d6e8,Will AfD win an absolute majority of seats in Sachsen-Anhalt?,0.3050,0.2350,2026-09-03,2026-09-06,politics,cheap_political_yes,pending,,
2026-08-20,0xa34edb6c898232378a9cc08744842df2cd89d278ba45b012bed3ac10c7241c4d,Will Lamine Yamal win the 2026 Ballon d'Or?,0.1535,0.1495,2026-09-03,2026-10-31,politics,cheap_political_yes,pending,,
2026-08-20,0x176e84015b1cc54d470836ef1d8a60753e17fa232d9b55e9aa8dde580d03f436,Friedrich Merz out as Chancellor of Germany before 2027?,0.1650,0.1150,2026-09-03,2026-12-31,politics,cheap_political_yes,pending,,
2026-08-20,0x7ad403c3508f8e3912940fd1a913f227591145ca0614074208e0b962d5fcc422,Will JD Vance win the 2028 US Presidential Election?,0.2055,0.2535,2026-09-03,2028-11-07,politics,cheap_political_yes,pending,,
2026-08-20,0x74dba1ce1ae9dd535414e85f2d9ab5ea32c0fb1acc9b7130b67e6d91217e24e1,Will Jon Ossoff win the 2028 Democratic presidential nomination?,0.1365,0.1585,2026-09-03,2028-11-07,politics,cheap_political_yes,pending,,
2026-08-20,0xfed2dd1e83691ca08b8bc08d2bed09cb19003730f2be47da6a467ee37df96fbb,Mojtaba Khamenei seen in public by December 31?,0.2350,0.2150,2026-09-03,2026-12-31,geopolitics,cheap_political_yes,pending,,
2026-08-20,0x2053d8515f1b8cbeea4ccdb56e60e89c2617e43a8660d95166b8e71d27865277,Will Marco Rubio win the 2028 US Presidential Election?,0.1195,0.1025,2026-09-03,2028-11-07,politics,cheap_political_yes,pending,,
2026-08-20,0x60a4dc3f3fccac5c29571f9f4bb8067fecdbcac17f337aac62ea0fe5cd476435,"Will Russia capture Mala Tokmachka by September 30, 2026?",0.1550,0.0950,2026-09-03,2026-09-30,geopolitics,cheap_political_yes,pending,,
2026-08-20,0x5c19f205507ce03ff5f3be08a8090a5969ea6870cc07b902a4ca2e61dfe48fdd,"Russia x Ukraine ceasefire agreement by December 31, 2026?",0.2150,0.1750,2026-09-03,2026-12-31,geopolitics,cheap_political_yes,pending,,
2026-08-20,0x21ad31a46bfaa51650766eff6dc69c866959e32d965ffb116020e37694b6317d,Will Marco Rubio win the 2028 Republican presidential nomination?,0.2285,0.1745,2026-09-03,2028-11-07,politics,cheap_political_yes,pending,,
2026-08-20,0xe802435286a79c0086810443a824d596619a6f34f901c112f0b70e4e140d6165,"Iran leadership change by June 30, 2027?",0.2450,0.2550,2026-09-03,2027-06-30,geopolitics,cheap_political_yes,pending,,
2026-08-26,0xa08a5ce99e14ce0b22767af6f16c08a2ab012249444c20887193a9a3e98e11fc,Strait of Hormuz traffic returns to normal by September 30?,0.1150,0.0265,2026-09-03,2026-09-30,geopolitics,cheap_political_yes,pending,,
